{
    "IsEncrypted": false,
    "Values": {
        "AzureWebJobsStorage": "UseDevelopmentStorage=true",
        "FUNCTIONS_INPROC_NET8_ENABLED": "1",
        "FUNCTIONS_WORKER_RUNTIME": "dotnet",
        "PBI_TENANT_ID": "2458bda7-7051-49fb-b529-5230200be9cc",
        "PBI_CLIENT_ID": "46a449fa-9f31-46da-bd12-4be7b2e3fe3a",
        "PBI_CLIENT_SECRET": "TRy8Q~ebJggLBjaHQyqwqpOJJwHWKhzaqzferblG",
        "USER_CSV_CONTAINER": "blob1",
        "USER_CSV_FILENAME": "user_locations.csv"
    }
}