{"filename":"/workspaces/embeddedbi9/__azurite_db_blob__.json","collections":[{"name":"$SERVICES_COLLECTION$","data":[],"idIndex":null,"binaryIndices":{},"constraints":null,"uniqueNames":["accountName"],"transforms":{},"objType":"$SERVICES_COLLECTION$","dirty":false,"cachedIndex":null,"cachedBinaryIndex":null,"cachedData":null,"adaptiveBinaryIndices":true,"transactional":false,"cloneObjects":false,"cloneMethod":"parse-stringify","asyncListeners":false,"disableMeta":false,"disableChangesApi":true,"disableDeltaChangesApi":true,"autoupdate":false,"serializableIndices":true,"disableFreeze":true,"ttl":null,"maxId":0,"DynamicViews":[],"events":{"insert":[],"update":[],"pre-insert":[],"pre-update":[],"close":[],"flushbuffer":[],"error":[],"delete":[null],"warning":[null]},"changes":[],"dirtyIds":[]},{"name":"$CONTAINERS_COLLECTION$","data":[{"accountName":"devstoreaccount1","name":"blob1","properties":{"etag":"\"0x1D09D8C9DFB9640\"","lastModified":"2025-09-12T15:59:47.455Z","leaseStatus":"unlocked","leaseState":"available","hasImmutabilityPolicy":false,"hasLegalHold":false},"meta":{"revision":0,"created":1757692787459,"version":0},"$loki":1},{"accountName":"devstoreaccount1","name":"azure-webjobs-hosts","properties":{"etag":"\"0x2530D6C67B1E320\"","lastModified":"2025-09-12T16:11:30.359Z","leaseStatus":"unlocked","leaseState":"available","hasImmutabilityPolicy":false,"hasLegalHold":false},"meta":{"revision":0,"created":1757693490364,"version":0},"$loki":2}],"idIndex":null,"binaryIndices":{"accountName":{"name":"accountName","dirty":false,"values":[1,0]},"name":{"name":"name","dirty":false,"values":[1,0]}},"constraints":null,"uniqueNames":[],"transforms":{},"objType":"$CONTAINERS_COLLECTION$","dirty":false,"cachedIndex":null,"cachedBinaryIndex":null,"cachedData":null,"adaptiveBinaryIndices":true,"transactional":false,"cloneObjects":false,"cloneMethod":"parse-stringify","asyncListeners":false,"disableMeta":false,"disableChangesApi":true,"disableDeltaChangesApi":true,"autoupdate":false,"serializableIndices":true,"disableFreeze":true,"ttl":null,"maxId":2,"DynamicViews":[],"events":{"insert":[],"update":[],"pre-insert":[],"pre-update":[],"close":[],"flushbuffer":[],"error":[],"delete":[null],"warning":[null]},"changes":[],"dirtyIds":[]},{"name":"$BLOBS_COLLECTION$","data":[{"accountName":"devstoreaccount1","containerName":"blob1","name":"csv.csv","properties":{"creationTime":"2025-09-12T16:01:17.831Z","lastModified":"2025-09-12T16:01:17.831Z","etag":"\"0x26301D32FF3D7E0\"","contentLength":63,"contentType":"text/csv","contentMD5":{"type":"Buffer","data":[184,198,21,151,191,163,181,35,156,54,235,30,200,9,46,252]},"blobType":"BlockBlob","leaseStatus":"unlocked","leaseState":"available","serverEncrypted":true,"accessTier":"Hot","accessTierInferred":true,"accessTierChangeTime":"2025-09-12T16:01:17.831Z"},"snapshot":"","isCommitted":true,"persistency":{"id":"f5e6f325-20d1-45d8-ab9c-62725898112d","offset":0,"count":63},"meta":{"revision":0,"created":1757692877851,"version":0},"$loki":2},{"deleted":false,"metadata":{"FunctionInstance":"00000000000000000000000037ACB84E"},"accountName":"devstoreaccount1","containerName":"azure-webjobs-hosts","name":"locks/24d68b4b9dff-2131219260/host","properties":{"creationTime":"2025-09-12T16:11:30.384Z","lastModified":"2025-09-12T16:48:18.859Z","etag":"\"0x22BEE4AD79E6BE0\"","contentLength":0,"contentType":"application/octet-stream","contentMD5":{"type":"Buffer","data":[212,29,140,217,143,0,178,4,233,128,9,152,236,248,66,126]},"blobType":"BlockBlob","leaseStatus":"locked","leaseState":"leased","serverEncrypted":true,"accessTier":"Hot","accessTierInferred":true,"accessTierChangeTime":"2025-09-12T16:11:30.384Z","leaseDuration":"fixed"},"snapshot":"","isCommitted":true,"persistency":{"id":"f5e6f325-20d1-45d8-ab9c-62725898112d","offset":303,"count":0},"meta":{"revision":34,"created":1757693490393,"version":0,"updated":1757695981601},"$loki":7,"leaseId":"00000000000000000000000037ACB84E","leaseExpireTime":"2025-09-12T16:53:16.598Z","leaseDurationSeconds":15},{"deleted":false,"accountName":"devstoreaccount1","containerName":"blob1","name":"user_locations.csv","properties":{"creationTime":"2025-09-12T16:52:04.757Z","lastModified":"2025-09-12T16:52:04.757Z","etag":"\"0x1FE6B9A83817460\"","contentLength":115,"contentType":"text/csv","contentMD5":{"type":"Buffer","data":[36,105,56,133,224,117,191,51,11,130,166,114,103,171,11,164]},"blobType":"BlockBlob","leaseStatus":"unlocked","leaseState":"available","serverEncrypted":true,"accessTier":"Hot","accessTierInferred":true,"accessTierChangeTime":"2025-09-12T16:52:04.757Z"},"snapshot":"","isCommitted":true,"persistency":{"id":"f5e6f325-20d1-45d8-ab9c-62725898112d","offset":418,"count":115},"meta":{"revision":0,"created":1757695924767,"version":0},"$loki":9}],"idIndex":[2,7,9],"binaryIndices":{"accountName":{"name":"accountName","dirty":false,"values":[1,2,0]},"containerName":{"name":"containerName","dirty":false,"values":[1,2,0]},"name":{"name":"name","dirty":false,"values":[0,1,2]},"snapshot":{"name":"snapshot","dirty":false,"values":[1,2,0]}},"constraints":null,"uniqueNames":[],"transforms":{},"objType":"$BLOBS_COLLECTION$","dirty":false,"cachedIndex":null,"cachedBinaryIndex":null,"cachedData":null,"adaptiveBinaryIndices":true,"transactional":false,"cloneObjects":false,"cloneMethod":"parse-stringify","asyncListeners":false,"disableMeta":false,"disableChangesApi":true,"disableDeltaChangesApi":true,"autoupdate":false,"serializableIndices":true,"disableFreeze":true,"ttl":null,"maxId":9,"DynamicViews":[],"events":{"insert":[],"update":[],"pre-insert":[],"pre-update":[],"close":[],"flushbuffer":[],"error":[],"delete":[null],"warning":[null]},"changes":[],"dirtyIds":[]},{"name":"$BLOCKS_COLLECTION$","data":[],"idIndex":null,"binaryIndices":{"accountName":{"name":"accountName","dirty":false,"values":[]},"containerName":{"name":"containerName","dirty":false,"values":[]},"blobName":{"name":"blobName","dirty":false,"values":[]},"name":{"name":"name","dirty":false,"values":[]}},"constraints":null,"uniqueNames":[],"transforms":{},"objType":"$BLOCKS_COLLECTION$","dirty":false,"cachedIndex":null,"cachedBinaryIndex":null,"cachedData":null,"adaptiveBinaryIndices":true,"transactional":false,"cloneObjects":false,"cloneMethod":"parse-stringify","asyncListeners":false,"disableMeta":false,"disableChangesApi":true,"disableDeltaChangesApi":true,"autoupdate":false,"serializableIndices":true,"disableFreeze":true,"ttl":null,"maxId":0,"DynamicViews":[],"events":{"insert":[],"update":[],"pre-insert":[],"pre-update":[],"close":[],"flushbuffer":[],"error":[],"delete":[null],"warning":[null]},"changes":[],"dirtyIds":[]}],"databaseVersion":1.5,"engineVersion":1.5,"autosave":true,"autosaveInterval":5000,"autosaveHandle":null,"throttledSaves":true,"options":{"persistenceMethod":"fs","autosave":true,"autosaveInterval":5000,"serializationMethod":"normal","destructureDelimiter":"$<\n"},"persistenceMethod":"fs","persistenceAdapter":null,"verbose":false,"events":{"init":[null],"loaded":[],"flushChanges":[],"close":[],"changes":[],"warning":[]},"ENV":"NODEJS"}